orderID,clientID,name,surname,productID,product,price,date
1,244,Wayne,Gray,591,GPS Tuner,24.400000,2020-11-08
2,514,Paul,Howard,75,Air Transmitter,95.580000,2019-06-26
3,271,Jason,Rose,431,GPS Filter,75.620000,2020-06-22
4,442,Angela,Pierce,331,Gel Electric Mount,91.340000,2020-08-19
5,586,Craig,Perry,549,Portable Video Controller,15.890000,2019-10-06
6,519,Stephen,Garza,3,Auto GPS Viewer,67.130000,2021-03-01
7,416,Norma,Schmidt,65,Auto Bracket,73.560000,2020-04-10
8,157,Kathryn,Mendoza,449,Video Portable Case,41.940000,2019-02-10
9,500,Judy,Marshall,399,Power Receiver,42.740000,2019-01-18
10,562,Michelle,Knight,95,Auto Disc Receiver,38.230000,2021-06-13
11,525,Nicholas,Hunt,54,Audible Digital Component,89.650000,2021-12-23
12,64,Jean,Johnston,89,Performance Direct Bridge,72.670000,2020-05-08
13,351,Carolyn,Knight,441,Audible Portable Compressor,96.340000,2020-02-17
14,391,Wanda,Russell,190,Tag Portable Bracket,3.260000,2020-11-19
15,361,Dorothy,Fox,177,GPS Adapter,32.890000,2019-07-03
16,152,Teresa,Morris,176,Electric Gel Controller,9.470000,2021-07-15
17,323,Jacqueline,Clark,390,Air Air Bridge,95.160000,2021-11-17
18,414,Robin,Martin,163,Remote HD Compressor,80.130000,2019-07-11
19,218,Sara,Gonzalez,315,Side Receiver,65.030000,2020-09-26
20,254,Carlos,Gray,389,Input Adapter,55.960000,2021-10-27
21,7,Christopher,Murray,67,Video Tag Viewer,43.980000,2020-01-13
22,178,Catherine,Hill,104,Audible Kit,42.210000,2020-02-07
23,8,Susan,Morgan,398,Direct HD Filter,42.120000,2021-07-21
24,108,Adam,Rose,200,Remote Side Kit,41.400000,2019-10-27
25,436,Lois,Thompson,398,Direct HD Filter,42.120000,2021-07-13
26,505,Andrea,Morales,238,Output Electric Component,41.240000,2021-07-03
27,176,Louis,Gray,101,Direct System,63.550000,2019-09-19
28,54,Jason,George,584,Electric Air Compressor,23.270000,2020-01-06
29,2,Harry,Perez,454,HD Power Viewer,27.490000,2019-06-24
30,446,Rose,Sims,288,Direct Viewer,41.860000,2020-11-08
31,139,Deborah,Frazier,556,Video Transmitter,57.450000,2019-03-24
32,176,Louis,Gray,584,Electric Air Compressor,23.270000,2020-01-12
33,461,Billy,Castillo,272,Disc Bridge,65.620000,2019-02-12
34,352,Teresa,Rodriguez,241,Input Input Kit,44.010000,2020-02-17
35,482,Catherine,Schmidt,382,Gel Power Mount,54.510000,2020-08-15
36,216,Louis,Stone,44,Video Audible Mount,29.290000,2019-06-06
37,449,Christina,Coleman,563,Auto Remote Transmitter,65.000000,2020-08-07
38,37,Sara,Howell,38,Output Kit,7.790000,2019-04-16
39,437,Gregory,Martin,575,HD Auto Controller,33.820000,2020-05-15
40,329,Jeffrey,Olson,235,Air Bracket,95.090000,2020-08-18
41,180,Carolyn,Grant,281,Digital GPS Bracket,96.780000,2019-03-04
42,588,Gregory,Lawrence,332,Disc Remote Viewer,7.270000,2019-09-01
43,124,Maria,West,86,GPS Kit,98.620000,2019-06-22
44,278,Kevin,Moore,142,Performance Component,75.570000,2021-06-22
45,48,Donna,Murphy,517,Video Adapter,46.610000,2019-05-09
46,460,Ann,Williamson,99,Digital Electric System,25.410000,2019-09-11
47,153,Carl,Cook,91,Gel Video Viewer,10.380000,2020-04-09
48,438,Carlos,Stanley,393,Performance Transmitter,50.100000,2020-09-13
49,339,Barbara,Wilson,41,GPS Viewer,18.980000,2021-03-16
50,545,Richard,Jordan,14,Digital Electric Compressor,39.300000,2021-07-27
51,128,Matthew,Duncan,522,HD Bracket,43.520000,2021-02-20
52,353,Robin,Burns,540,Video Output Case,73.280000,2021-10-20
53,39,Albert,Taylor,137,Video Performance Controller,81.810000,2019-10-13
54,581,Aaron,Tucker,240,HD Performance Adapter,65.210000,2019-04-02
55,242,Sean,Turner,247,Remote Bracket,73.300000,2019-05-19
56,437,Gregory,Martin,563,Auto Remote Transmitter,65.000000,2020-06-15
57,445,Judith,Marshall,295,Output Remote Filter,3.490000,2020-01-26
58,324,Mark,Larson,583,Power Output Tuner,4.170000,2019-12-03
59,163,Jerry,Ortiz,415,Audible Bridge,92.790000,2021-03-20
60,308,Daniel,Brown,356,Performance Viewer,81.370000,2019-02-09
61,496,Edward,Morgan,510,Input Input Receiver,47.380000,2019-08-05
62,590,Paul,Gonzales,283,Digital Direct Component,32.340000,2020-09-09
63,316,Stephen,Bradley,404,Direct Amplifier,2.440000,2020-11-11
64,321,Andrea,Green,21,Output Controller,21.910000,2021-08-26
65,205,Billy,Matthews,433,Video Tuner,84.420000,2021-09-05
66,80,Virginia,Roberts,244,Digital Gel Filter,25.160000,2019-07-16
67,386,Gerald,Burke,32,HD Tag Transmitter,4.770000,2020-10-07
68,126,Roy,Frazier,461,HD Tuner,76.140000,2020-06-06
69,181,Jennifer,Sanders,156,Electric Tag Case,93.100000,2019-09-09
70,233,John,Hawkins,43,Output Auto Compressor,55.330000,2021-04-11
71,439,Barbara,Castillo,152,Power HD Controller,4.470000,2021-12-26
72,410,Diane,Young,581,Tag GPS Amplifier,69.380000,2021-01-13
73,388,Bonnie,Reynolds,252,Disc Compressor,88.220000,2021-07-09
74,45,Bonnie,White,285,Video Receiver,42.900000,2019-10-02
75,244,Wayne,Gray,154,Output Mount,59.760000,2020-09-22
76,545,Richard,Jordan,102,Electric Video Transmitter,14.420000,2021-11-06
77,407,Janet,Gray,91,Gel Video Viewer,10.380000,2020-11-12
78,379,Steven,Sullivan,600,Audible Disc Transmitter,45.620000,2020-09-04
79,541,Russell,Hunter,413,Gel Portable Adapter,27.190000,2020-07-09
80,45,Bonnie,White,126,Auto Controller,81.910000,2020-08-05
81,384,Tammy,Simmons,335,Video Power System,24.430000,2021-02-08
82,572,Arthur,Berry,127,Power Case,88.050000,2020-11-24
83,5,Larry,Fields,15,Input Disc Bracket,33.170000,2019-11-26
84,217,Ernest,Rivera,24,Side Power Transmitter,86.520000,2021-05-02
85,157,Kathryn,Mendoza,304,Gel Electric Viewer,84.310000,2021-08-02
86,518,Donald,Gardner,214,Remote System,78.510000,2021-05-03
87,204,Norma,Banks,102,Electric Video Transmitter,14.420000,2021-10-19
88,185,Julia,Simpson,14,Digital Electric Compressor,39.300000,2020-07-20
89,112,Frank,Simpson,63,Gel System,74.700000,2020-05-24
90,451,Lillian,Burns,423,Power Bracket,81.730000,2021-06-19
91,48,Donna,Murphy,185,Remote Mount,66.000000,2021-02-19
92,465,Doris,Simmons,110,Output Portable Compressor,83.390000,2019-01-02
93,4,Ronald,Owens,587,Digital Portable Compressor,57.260000,2021-07-22
94,218,Sara,Gonzalez,374,Input Case,6.410000,2019-12-25
95,167,Samuel,Edwards,493,Direct Case,11.710000,2021-12-12
96,586,Craig,Perry,517,Video Adapter,46.610000,2020-01-14
97,142,David,Ramos,151,GPS Compressor,10.800000,2021-05-20
98,320,Carl,Johnston,87,Disc Tag Receiver,89.840000,2019-10-28
99,237,Donna,Gonzalez,271,Disc Performance Receiver,99.830000,2019-03-19
100,131,Beverly,Foster,280,HD Transmitter,20.070000,2021-05-24
101,73,Barbara,Gonzalez,580,Power Output Transmitter,26.920000,2020-02-13
102,292,Christopher,Perez,451,Performance Compressor,36.050000,2020-08-14
103,73,Barbara,Gonzalez,18,Performance Power Adapter,30.720000,2020-04-08
104,405,Todd,Gordon,55,Tag Bracket,11.550000,2019-05-07
105,319,Sean,Garrett,83,Digital Portable Mount,41.570000,2020-06-17
106,451,Lillian,Burns,85,Video Air Viewer,14.800000,2020-06-01
107,18,Ronald,Hansen,439,Gel GPS System,95.090000,2019-04-26
108,270,Julia,Stewart,330,Remote Filter,13.750000,2020-07-24
109,153,Carl,Cook,80,Gel Filter,65.650000,2020-06-16
110,10,Linda,Mason,33,Gel Viewer,17.520000,2020-08-17
111,589,Harold,Murphy,77,Direct Tag System,69.700000,2020-01-15
112,534,Roy,Peters,80,Gel Filter,65.650000,2019-02-23
113,567,Henry,Jenkins,563,Auto Remote Transmitter,65.000000,2021-07-06
114,322,Gary,Berry,399,Power Receiver,42.740000,2019-08-10
115,347,Lois,Bailey,542,Digital Video Viewer,52.370000,2021-04-21
116,364,Louis,Hawkins,348,Video Electric Controller,81.180000,2020-09-01
117,460,Ann,Williamson,251,Output Amplifier,72.970000,2021-02-25
118,600,Aaron,Butler,249,Tag GPS Controller,52.280000,2019-12-04
119,526,Irene,Taylor,388,Remote Input Filter,49.190000,2020-12-24
120,231,Craig,Wagner,234,GPS Input Case,90.230000,2019-07-22
121,3,Ronald,Lopez,245,Gel Disc Amplifier,76.970000,2020-06-23
122,173,Benjamin,Hunt,265,Video Auto Tuner,11.500000,2021-03-13
123,6,Alan,Chavez,297,Gel Portable Mount,90.670000,2021-09-03
124,594,Christina,Jordan,445,Video Air System,6.210000,2020-02-21
125,417,Carol,Bowman,215,Portable Side Kit,11.030000,2019-06-16
126,277,Sharon,Hernandez,284,Tag Gel Compressor,80.980000,2021-11-22
127,242,Sean,Turner,142,Performance Component,75.570000,2019-07-10
128,159,Tina,Campbell,252,Disc Compressor,88.220000,2021-02-15
129,38,Gerald,Long,126,Auto Controller,81.910000,2021-11-02
130,12,Karen,Hunter,300,GPS Tag Mount,6.210000,2020-10-14
131,212,Laura,Holmes,367,GPS Amplifier,91.160000,2019-09-14
132,383,Harold,Hart,567,Direct Portable Mount,8.460000,2019-01-27
133,471,George,Williamson,250,Side Gel Transmitter,9.100000,2021-11-23
134,186,Irene,Spencer,599,Portable Direct Kit,66.860000,2021-02-10
135,423,Martin,Kelly,69,Performance Direct Filter,68.900000,2019-01-08
136,565,Kathleen,Rogers,223,Auto Transmitter,94.630000,2019-11-11
137,155,Katherine,Myers,290,Auto Tag Compressor,95.900000,2019-12-18
138,130,Sandra,Mcdonald,448,Input Filter,7.010000,2020-08-26
139,550,Chris,Rice,304,Gel Electric Viewer,84.310000,2019-08-04
140,97,Stephen,Smith,571,Output Adapter,50.080000,2021-07-01
141,573,Randy,Garcia,483,Remote Adapter,77.030000,2019-11-19
142,494,Roy,Crawford,121,Video Video Transmitter,2.280000,2021-03-10
143,335,Janice,Richardson,347,Direct Electric Amplifier,31.620000,2020-03-03
144,176,Louis,Gray,291,Portable Remote Bracket,3.830000,2020-12-15
145,428,Johnny,Bennett,164,Output Filter,12.520000,2019-11-11
146,317,Robert,Webb,328,Gel Performance Component,58.680000,2019-08-12
147,11,Pamela,Morrison,432,Audible Amplifier,2.480000,2020-02-20
148,4,Ronald,Owens,151,GPS Compressor,10.800000,2020-11-22
149,330,Chris,Palmer,402,Digital Output Case,90.360000,2021-05-21
150,38,Gerald,Long,281,Digital GPS Bracket,96.780000,2021-08-03
151,541,Russell,Hunter,426,Tag Performance System,71.100000,2019-01-24
152,127,Richard,Weaver,342,Gel Mount,96.940000,2020-10-24
153,466,James,Hunt,313,Audible Output Bridge,38.290000,2021-01-27
154,593,Bobby,Ward,225,Disc Auto Amplifier,11.110000,2019-02-08
155,82,Richard,Rice,300,GPS Tag Mount,6.210000,2021-09-08
156,285,Bobby,Harris,89,Performance Direct Bridge,72.670000,2020-05-23
157,68,Antonio,Sullivan,432,Audible Amplifier,2.480000,2021-06-06
158,107,Elizabeth,Holmes,587,Digital Portable Compressor,57.260000,2019-04-23
159,128,Matthew,Duncan,49,Output HD Bridge,79.280000,2021-02-11
160,108,Adam,Rose,514,Digital HD Transmitter,95.400000,2020-10-27
161,206,George,Freeman,127,Power Case,88.050000,2021-01-20
162,514,Paul,Howard,270,Air Filter,8.740000,2019-02-09
163,476,Ashley,Simpson,483,Remote Adapter,77.030000,2019-09-16
164,513,Craig,Moore,190,Tag Portable Bracket,3.260000,2019-11-11
165,289,Norma,Simmons,195,HD Component,36.070000,2021-06-10
166,284,Todd,Wagner,184,Audible Bracket,69.050000,2021-08-07
167,270,Julia,Stewart,120,Tag Air System,2.190000,2020-11-17
168,160,Kathleen,Dixon,95,Auto Disc Receiver,38.230000,2019-06-14
169,156,Jean,Young,250,Side Gel Transmitter,9.100000,2020-06-24
170,375,Samuel,Reid,46,Performance Controller,54.000000,2021-02-08
171,510,Judith,Grant,195,HD Component,36.070000,2019-03-26
172,26,Mark,Adams,253,Input Portable Component,97.820000,2020-07-07
173,193,Nicole,Reyes,55,Tag Bracket,11.550000,2021-02-27
174,508,Chris,Gonzales,547,Electric Kit,30.740000,2021-02-04
175,281,Anna,Pierce,311,HD Adapter,90.180000,2021-09-14
176,276,Jacqueline,Hanson,187,GPS Portable Receiver,66.120000,2020-11-13
177,331,Maria,Garza,106,Performance Mount,63.260000,2021-04-11
178,257,Nancy,Woods,132,GPS Input Tuner,26.470000,2021-10-27
179,100,Aaron,Rose,593,Portable Electric Case,38.020000,2019-02-13
180,144,Kimberly,Graham,122,Performance Portable Tuner,91.750000,2021-10-07
181,336,Ronald,Davis,472,GPS Direct Amplifier,76.110000,2021-01-19
182,135,Katherine,Austin,482,Performance Side Controller,53.000000,2021-06-23
183,302,Michelle,Robertson,382,Gel Power Mount,54.510000,2019-01-14
184,516,Bruce,Stone,270,Air Filter,8.740000,2019-04-09
185,523,Lawrence,Gordon,295,Output Remote Filter,3.490000,2019-11-05
186,557,Wanda,Ross,48,Electric Transmitter,29.640000,2019-05-04
187,103,Christopher,Henderson,600,Audible Disc Transmitter,45.620000,2019-06-21
188,313,Carolyn,Sullivan,153,Direct Input Case,40.440000,2021-04-05
189,215,Jason,Sanchez,227,Video Output Amplifier,32.560000,2020-09-09
190,402,Daniel,Pierce,493,Direct Case,11.710000,2020-10-17
191,41,Gregory,Dean,363,Auto Disc Viewer,85.820000,2019-10-28
192,356,Raymond,Henderson,287,Auto Disc Component,72.420000,2020-02-19
193,7,Christopher,Murray,543,HD Case,14.860000,2019-04-07
194,167,Samuel,Edwards,15,Input Disc Bracket,33.170000,2021-10-16
195,158,Theresa,Patterson,294,Portable HD Receiver,43.510000,2019-09-06
196,15,Lori,Kelly,499,Power Filter,26.090000,2020-04-14
197,486,Dorothy,Frazier,583,Power Output Tuner,4.170000,2019-06-13
198,159,Tina,Campbell,271,Disc Performance Receiver,99.830000,2021-09-24
199,13,Gloria,Hunt,295,Output Remote Filter,3.490000,2021-10-06
200,120,Heather,Meyer,542,Digital Video Viewer,52.370000,2019-12-22
201,431,Brandon,Holmes,332,Disc Remote Viewer,7.270000,2019-05-26
202,538,Helen,Carpenter,297,Gel Portable Mount,90.670000,2019-08-17
203,49,Harold,Adams,265,Video Auto Tuner,11.500000,2021-03-22
204,88,Craig,Howell,544,Audible GPS Kit,55.470000,2019-08-27
205,216,Louis,Stone,489,Side Input Transmitter,10.030000,2021-12-25
206,34,Christina,Washington,188,Input Video Mount,72.200000,2019-02-23
207,115,Lori,Alexander,386,Digital Compressor,46.970000,2020-09-06
208,319,Sean,Garrett,453,Auto Portable Adapter,60.560000,2019-12-28
209,335,Janice,Richardson,179,Air GPS Bridge,15.500000,2020-03-24
210,375,Samuel,Reid,179,Air GPS Bridge,15.500000,2021-07-16
211,105,Judy,Johnson,547,Electric Kit,30.740000,2020-05-13
212,7,Christopher,Murray,242,HD Receiver,35.280000,2020-10-13
213,18,Ronald,Hansen,227,Video Output Amplifier,32.560000,2019-01-06
214,76,Gloria,Fuller,523,Tag Case,74.770000,2019-04-14
215,142,David,Ramos,559,Performance Audible Case,46.340000,2020-03-07
216,222,Adam,Cole,268,Side Transmitter,59.220000,2021-01-11
217,77,Jessica,Sullivan,207,Digital Case,83.140000,2020-05-11
218,553,Marilyn,Arnold,323,Power Direct Bridge,82.570000,2021-10-05
219,361,Dorothy,Fox,116,Tag Output Transmitter,42.140000,2021-08-14
220,472,Jason,Sims,11,Side Direct Bracket,52.490000,2021-01-03
221,310,Virginia,Mendoza,72,HD Electric Tuner,10.900000,2021-06-07
222,453,Patricia,Ellis,199,Portable Input Filter,56.390000,2019-04-16
223,385,Jimmy,Morgan,341,HD Remote Tuner,31.770000,2019-02-25
224,242,Sean,Turner,560,Audible Gel Adapter,60.430000,2021-08-13
225,403,Christine,Nichols,296,Performance Output Amplifier,44.400000,2020-10-14
226,374,Howard,Black,169,Performance Tuner,20.620000,2019-10-20
227,311,Laura,Lee,161,Power GPS Bracket,50.180000,2020-09-06
228,585,Randy,Thompson,63,Gel System,74.700000,2019-03-27
229,82,Richard,Rice,470,Gel Input Component,6.690000,2020-11-21
230,157,Kathryn,Mendoza,77,Direct Tag System,69.700000,2020-01-13
231,70,Randy,Shaw,234,GPS Input Case,90.230000,2021-09-06
232,423,Martin,Kelly,422,Portable Audible Adapter,19.300000,2019-07-13
233,393,Patrick,James,97,Gel Power Amplifier,54.460000,2021-04-16
234,302,Michelle,Robertson,232,Remote Controller,67.840000,2021-10-26
235,517,Louis,Gray,528,Portable Remote Bridge,26.360000,2021-08-23
236,222,Adam,Cole,396,Audible Tag Case,92.700000,2021-05-10
237,248,Stephanie,Rose,190,Tag Portable Bracket,3.260000,2019-08-10
238,143,Samuel,Bennett,389,Input Adapter,55.960000,2020-05-12
239,316,Stephen,Bradley,426,Tag Performance System,71.100000,2019-09-06
240,376,Donna,Martinez,375,Power Viewer,32.910000,2019-12-22
241,351,Carolyn,Knight,551,Disc Disc Bracket,66.130000,2019-12-28
242,177,Edward,Smith,384,HD Tag Controller,86.790000,2019-01-04
243,291,Nicholas,Warren,213,Portable Digital Viewer,12.940000,2019-10-16
244,209,Judith,Garrett,62,Remote Receiver,93.420000,2021-03-11
245,69,Deborah,Schmidt,321,Output Receiver,23.040000,2021-08-07
246,472,Jason,Sims,274,GPS Disc Amplifier,83.810000,2020-02-01
247,139,Deborah,Frazier,90,HD Kit,65.160000,2020-10-15
248,427,Stephanie,Miller,56,Performance Remote Receiver,97.740000,2019-01-22
249,555,Doris,Moreno,57,Output Output Component,9.280000,2020-12-08
250,268,Willie,King,55,Tag Bracket,11.550000,2019-07-12
251,253,Shirley,Taylor,198,Power Performance System,23.210000,2021-01-13
252,203,Evelyn,Lopez,279,Performance Power Filter,32.430000,2021-12-21
253,275,Christopher,Thompson,336,Side Bridge,33.770000,2019-06-20
254,330,Chris,Palmer,190,Tag Portable Bracket,3.260000,2021-09-05
255,267,Donald,Gray,344,Portable Electric Viewer,22.380000,2020-06-02
256,530,Ryan,Wells,225,Disc Auto Amplifier,11.110000,2021-11-26
257,307,Gerald,Chavez,372,Direct Tag Amplifier,97.640000,2020-04-21
258,198,Nicole,Mitchell,147,Portable Case,83.530000,2021-07-14
259,144,Kimberly,Graham,560,Audible Gel Adapter,60.430000,2021-10-11
260,507,Sean,Ortiz,239,Input Portable Compressor,3.940000,2021-05-16
261,371,Mary,Grant,65,Auto Bracket,73.560000,2020-09-15
262,389,Julie,Cooper,291,Portable Remote Bracket,3.830000,2020-06-14
263,261,Patrick,Ellis,534,Remote Air Viewer,52.110000,2019-03-18
264,24,Katherine,Nguyen,291,Portable Remote Bracket,3.830000,2020-01-01
265,50,Beverly,Ross,157,Digital Controller,58.060000,2020-11-19
266,198,Nicole,Mitchell,426,Tag Performance System,71.100000,2021-07-19
267,332,Lisa,Hanson,180,Output Bridge,33.620000,2021-11-26
268,144,Kimberly,Graham,567,Direct Portable Mount,8.460000,2020-02-07
269,72,Roger,Lee,13,Tag Amplifier,23.000000,2021-03-08
270,415,Richard,Bowman,111,Air Mount,2.050000,2020-05-15
271,595,Bonnie,Ferguson,59,HD Digital Controller,68.750000,2021-07-24
272,299,Justin,Hernandez,587,Digital Portable Compressor,57.260000,2019-02-07
273,551,Thomas,Carter,494,Direct GPS Controller,15.780000,2021-11-14
274,491,Joan,Cox,341,HD Remote Tuner,31.770000,2019-05-11
275,425,Henry,Howell,535,Direct Gel Bracket,21.460000,2021-11-12
276,131,Beverly,Foster,70,Direct Performance Bracket,97.940000,2021-03-17
277,255,Jacqueline,Oliver,145,Direct Compressor,16.790000,2021-05-27
278,376,Donna,Martinez,587,Digital Portable Compressor,57.260000,2020-02-18
279,314,Arthur,Freeman,143,Electric Side Compressor,30.810000,2021-09-23
280,478,Mary,Gordon,275,Side Tuner,34.540000,2019-03-24
281,164,Louise,Powell,472,GPS Direct Amplifier,76.110000,2020-10-21
282,120,Heather,Meyer,198,Power Performance System,23.210000,2019-06-20
283,221,Louis,Johnston,555,Video Output Viewer,2.140000,2020-02-22
284,295,Laura,Moore,29,Audible Side Bridge,86.800000,2019-08-14
285,526,Irene,Taylor,210,Output Viewer,99.920000,2019-01-09
286,541,Russell,Hunter,179,Air GPS Bridge,15.500000,2021-05-27
287,512,Catherine,Jackson,275,Side Tuner,34.540000,2019-11-14
288,303,Doris,Lawson,232,Remote Controller,67.840000,2021-02-15
289,489,Justin,Watson,120,Tag Air System,2.190000,2021-05-04
290,474,Clarence,Hansen,35,Performance GPS Filter,97.570000,2019-02-14
291,149,Judy,Flores,173,Output System,53.000000,2019-01-26
292,288,Louise,Chavez,505,Input Output System,84.070000,2019-11-12
293,481,Ernest,Greene,105,Digital Disc Component,44.620000,2021-10-16
294,186,Irene,Spencer,56,Performance Remote Receiver,97.740000,2021-08-10
295,98,Brian,Fields,54,Audible Digital Component,89.650000,2019-09-15
296,55,Jeffrey,Gomez,168,Disc System,14.780000,2020-04-11
297,63,Helen,Morrison,326,Air Tag Receiver,60.720000,2021-09-13
298,120,Heather,Meyer,547,Electric Kit,30.740000,2019-01-12
299,150,Lois,Ward,540,Video Output Case,73.280000,2019-02-05
300,491,Joan,Cox,63,Gel System,74.700000,2020-06-19
301,410,Diane,Young,308,Audible Component,83.820000,2019-10-20
302,261,Patrick,Ellis,31,Digital Auto Filter,53.330000,2021-07-15
303,266,Marie,Flores,579,Gel Controller,10.250000,2021-07-22
304,517,Louis,Gray,490,Electric Performance Controller,52.200000,2021-11-02
305,13,Gloria,Hunt,69,Performance Direct Filter,68.900000,2020-06-15
306,124,Maria,West,199,Portable Input Filter,56.390000,2019-02-07
307,512,Catherine,Jackson,1,Electric Power Adapter,61.260000,2020-02-26
308,87,Ruth,Young,134,HD System,26.250000,2019-06-22
309,531,Shirley,Harrison,543,HD Case,14.860000,2019-03-07
310,174,Pamela,Lawrence,261,GPS Digital Filter,63.670000,2020-07-04
311,382,Martha,Jenkins,368,Digital Tag Tuner,94.550000,2021-02-08
312,582,Michael,Reid,206,Air Viewer,34.470000,2021-07-25
313,592,Kathryn,Hill,320,Audible Direct Adapter,35.990000,2020-03-12
314,304,Wanda,Marshall,551,Disc Disc Bracket,66.130000,2019-11-07
315,378,Phyllis,Ferguson,266,Side Tag Mount,3.450000,2021-10-03
316,230,Raymond,Brooks,321,Output Receiver,23.040000,2020-04-07
317,375,Samuel,Reid,153,Direct Input Case,40.440000,2021-08-14
318,218,Sara,Gonzalez,386,Digital Compressor,46.970000,2019-12-14
319,429,Emily,Williams,473,Disc Air Amplifier,66.430000,2019-07-06
320,132,Christina,Greene,185,Remote Mount,66.000000,2020-01-28
321,308,Daniel,Brown,534,Remote Air Viewer,52.110000,2021-04-19
322,201,Lois,James,187,GPS Portable Receiver,66.120000,2021-10-24
323,341,Kathleen,King,457,HD HD Compressor,93.800000,2021-03-03
324,377,Pamela,Morgan,127,Power Case,88.050000,2019-02-21
325,137,Steven,Franklin,38,Output Kit,7.790000,2019-10-20
326,155,Katherine,Myers,95,Auto Disc Receiver,38.230000,2020-02-13
327,247,Philip,Parker,428,Digital Bracket,26.540000,2020-10-07
328,416,Norma,Schmidt,78,HD Output Transmitter,71.670000,2020-08-15
329,437,Gregory,Martin,146,Disc Kit,36.870000,2021-06-17
330,32,Diane,Price,332,Disc Remote Viewer,7.270000,2021-02-25
331,318,Jane,Gilbert,137,Video Performance Controller,81.810000,2019-06-11
332,195,Christina,Oliver,261,GPS Digital Filter,63.670000,2019-01-27
333,1,Christopher,Harper,257,Video Kit,91.510000,2021-10-23
334,334,Barbara,Kennedy,191,Air Power Receiver,5.010000,2021-05-10
335,235,Barbara,Payne,529,Air Disc Filter,39.910000,2020-11-13
336,132,Christina,Greene,325,Tag Compressor,36.410000,2020-11-16
337,187,Brandon,Garcia,537,Gel Gel Tuner,99.470000,2021-04-08
338,549,Robin,Hughes,39,Performance Gel Controller,69.820000,2019-07-08
339,231,Craig,Wagner,170,Power Tuner,74.500000,2021-10-04
340,203,Evelyn,Lopez,79,Digital Gel Viewer,57.250000,2019-11-13
341,53,Justin,Cooper,283,Digital Direct Component,32.340000,2019-01-25
342,522,Dennis,Carpenter,570,Side Auto Tuner,34.880000,2019-03-02
343,328,Keith,Rogers,35,Performance GPS Filter,97.570000,2019-06-17
344,125,Evelyn,Hunter,300,GPS Tag Mount,6.210000,2021-11-09
345,28,Tammy,Spencer,253,Input Portable Component,97.820000,2019-03-28
346,472,Jason,Sims,56,Performance Remote Receiver,97.740000,2019-02-09
347,222,Adam,Cole,565,GPS HD System,83.320000,2019-01-14
348,503,Earl,Anderson,254,Audible Compressor,85.060000,2020-06-18
349,92,Patricia,Bradley,65,Auto Bracket,73.560000,2020-05-24
350,88,Craig,Howell,215,Portable Side Kit,11.030000,2020-08-06
351,263,Fred,Richardson,91,Gel Video Viewer,10.380000,2021-01-25
352,263,Fred,Richardson,289,Output Bracket,89.790000,2021-12-05
353,295,Laura,Moore,356,Performance Viewer,81.370000,2021-01-27
354,506,Deborah,Bowman,330,Remote Filter,13.750000,2019-12-28
355,417,Carol,Bowman,347,Direct Electric Amplifier,31.620000,2021-03-06
356,205,Billy,Matthews,201,Tag Transmitter,51.640000,2021-05-11
357,139,Deborah,Frazier,118,Tag Mount,4.910000,2019-04-16
358,322,Gary,Berry,413,Gel Portable Adapter,27.190000,2019-08-03
359,478,Mary,Gordon,499,Power Filter,26.090000,2019-03-26
360,450,Ronald,Hicks,567,Direct Portable Mount,8.460000,2020-07-10
361,432,Cheryl,Oliver,596,Remote Disc Controller,28.660000,2020-07-14
362,519,Stephen,Garza,221,Digital System,22.830000,2019-07-15
363,106,Julia,Baker,375,Power Viewer,32.910000,2021-07-25
364,234,Clarence,Elliott,114,Remote Portable Controller,50.790000,2019-05-03
365,504,Phillip,Thomas,516,Output Electric Receiver,74.920000,2019-02-11
366,341,Kathleen,King,27,Air Case,75.750000,2021-03-13
367,413,Ernest,George,375,Power Viewer,32.910000,2019-03-10
368,438,Carlos,Stanley,369,Performance Direct Tuner,50.870000,2020-06-18
369,426,Amy,Peterson,556,Video Transmitter,57.450000,2019-08-19
370,438,Carlos,Stanley,396,Audible Tag Case,92.700000,2021-09-22
371,25,Anthony,Mcdonald,473,Disc Air Amplifier,66.430000,2021-11-12
372,329,Jeffrey,Olson,457,HD HD Compressor,93.800000,2020-07-16
373,217,Ernest,Rivera,49,Output HD Bridge,79.280000,2019-04-17
374,27,Theresa,Fowler,17,GPS Component,29.740000,2021-07-20
375,228,Dennis,Riley,115,Disc Viewer,61.190000,2020-04-03
376,186,Irene,Spencer,483,Remote Adapter,77.030000,2019-04-01
377,164,Louise,Powell,17,GPS Component,29.740000,2019-08-19
378,129,Carolyn,Carter,54,Audible Digital Component,89.650000,2019-03-22
379,388,Bonnie,Reynolds,25,Output Air Kit,30.730000,2019-09-21
380,341,Kathleen,King,570,Side Auto Tuner,34.880000,2020-12-28
381,166,Philip,Carpenter,325,Tag Compressor,36.410000,2021-11-25
382,289,Norma,Simmons,542,Digital Video Viewer,52.370000,2020-10-25
383,20,Marie,Simpson,436,Gel Input Receiver,3.300000,2021-05-03
384,453,Patricia,Ellis,399,Power Receiver,42.740000,2019-03-11
385,5,Larry,Fields,175,Disc Electric Bridge,16.880000,2020-07-08
386,476,Ashley,Simpson,124,Tag Input Case,56.820000,2019-10-26
387,255,Jacqueline,Oliver,496,Direct Bracket,94.510000,2020-09-22
388,255,Jacqueline,Oliver,600,Audible Disc Transmitter,45.620000,2019-06-25
389,272,Stephen,Allen,217,Disc Adapter,72.040000,2020-04-22
390,311,Laura,Lee,428,Digital Bracket,26.540000,2020-01-05
391,7,Christopher,Murray,19,Direct Remote Receiver,68.550000,2021-10-01
392,367,Kelly,Burton,468,Portable Disc Mount,37.510000,2020-11-18
393,297,Mark,Lane,216,Audible System,7.240000,2019-02-04
394,188,Marilyn,Hall,10,Direct Disc Component,31.490000,2019-05-18
395,318,Jane,Gilbert,356,Performance Viewer,81.370000,2021-01-17
396,595,Bonnie,Ferguson,34,Performance Air Transmitter,61.510000,2020-11-05
397,203,Evelyn,Lopez,245,Gel Disc Amplifier,76.970000,2021-10-09
398,514,Paul,Howard,426,Tag Performance System,71.100000,2019-05-20
399,597,Ryan,Bailey,186,Input Disc Case,53.400000,2020-03-27
400,431,Brandon,Holmes,23,Remote Bridge,57.930000,2021-11-14
401,439,Barbara,Castillo,498,Direct Output Filter,63.880000,2021-05-20
402,175,Arthur,Weaver,428,Digital Bracket,26.540000,2021-03-23
403,589,Harold,Murphy,487,Direct Air Adapter,70.580000,2019-09-11
404,458,Harold,Hayes,198,Power Performance System,23.210000,2019-10-17
405,343,Jeremy,Oliver,190,Tag Portable Bracket,3.260000,2020-06-24
406,117,Heather,Reid,445,Video Air System,6.210000,2020-08-06
407,367,Kelly,Burton,89,Performance Direct Bridge,72.670000,2019-04-23
408,513,Craig,Moore,500,Remote Auto System,96.820000,2020-11-08
409,167,Samuel,Edwards,493,Direct Case,11.710000,2021-05-25
410,74,Bruce,Fisher,551,Disc Disc Bracket,66.130000,2020-04-21
411,422,Harold,Gilbert,270,Air Filter,8.740000,2021-09-23
412,390,Earl,Cunningham,578,Audible Case,79.740000,2019-02-01
413,549,Robin,Hughes,597,Performance GPS Tuner,90.230000,2021-12-17
414,336,Ronald,Davis,372,Direct Tag Amplifier,97.640000,2019-07-09
415,470,Jeffrey,Martinez,13,Tag Amplifier,23.000000,2020-01-15
416,387,Judith,Elliott,32,HD Tag Transmitter,4.770000,2019-10-28
417,328,Keith,Rogers,223,Auto Transmitter,94.630000,2021-09-11
418,65,Robin,Jordan,599,Portable Direct Kit,66.860000,2020-04-16
419,51,Donna,Montgomery,51,Disc Amplifier,88.290000,2020-04-03
420,326,Jessica,Young,281,Digital GPS Bracket,96.780000,2020-10-09
421,264,Theresa,Reyes,503,Power Compressor,35.140000,2021-04-17
422,521,Daniel,West,475,Gel Amplifier,66.440000,2019-07-06
423,153,Carl,Cook,231,Disc Controller,10.080000,2021-04-17
424,271,Jason,Rose,128,Performance Case,46.930000,2021-05-23
425,546,Kevin,Johnson,585,Portable GPS Tuner,9.670000,2021-03-14
426,201,Lois,James,396,Audible Tag Case,92.700000,2020-08-11
427,389,Julie,Cooper,538,Video Side Compressor,64.320000,2021-06-19
428,235,Barbara,Payne,268,Side Transmitter,59.220000,2019-02-26
429,534,Roy,Peters,490,Electric Performance Controller,52.200000,2020-11-23
430,437,Gregory,Martin,184,Audible Bracket,69.050000,2021-10-17
431,165,Angela,Nelson,593,Portable Electric Case,38.020000,2021-01-23
432,104,Anna,Moore,135,Remote Remote Transmitter,19.020000,2021-12-10
433,292,Christopher,Perez,9,Direct Transmitter,11.500000,2020-07-27
434,247,Philip,Parker,516,Output Electric Receiver,74.920000,2019-08-12
435,50,Beverly,Ross,483,Remote Adapter,77.030000,2019-05-18
436,325,Doris,Tucker,120,Tag Air System,2.190000,2019-01-25
437,421,Lori,Owens,537,Gel Gel Tuner,99.470000,2021-05-18
438,558,Randy,Hart,28,GPS Direct Filter,22.250000,2021-03-19
439,211,Joe,Hernandez,109,Digital Performance Transmitter,73.460000,2021-01-26
440,93,Irene,Ward,106,Performance Mount,63.260000,2021-07-23
441,321,Andrea,Green,21,Output Controller,21.910000,2021-08-18
442,334,Barbara,Kennedy,534,Remote Air Viewer,52.110000,2020-01-05
443,310,Virginia,Mendoza,149,Digital Power Tuner,63.530000,2021-12-07
444,356,Raymond,Henderson,448,Input Filter,7.010000,2021-12-27
445,553,Marilyn,Arnold,232,Remote Controller,67.840000,2019-01-19
446,478,Mary,Gordon,335,Video Power System,24.430000,2021-10-10
447,492,Paul,Webb,23,Remote Bridge,57.930000,2020-11-04
448,553,Marilyn,Arnold,180,Output Bridge,33.620000,2019-01-15
449,465,Doris,Simmons,200,Remote Side Kit,41.400000,2020-10-06
450,172,Daniel,Allen,116,Tag Output Transmitter,42.140000,2021-11-08
451,442,Angela,Pierce,546,Auto Amplifier,84.810000,2019-09-13
452,365,Andrew,Stephens,193,HD Output Receiver,38.170000,2020-06-26
453,43,Ruby,Andrews,112,HD Disc Case,74.130000,2021-06-19
454,60,Patrick,Mcdonald,303,Electric Auto Receiver,51.340000,2019-08-27
455,195,Christina,Oliver,494,Direct GPS Controller,15.780000,2019-06-01
456,580,Jennifer,Lane,243,Disc Receiver,88.970000,2020-03-13
457,21,Carol,Bell,95,Auto Disc Receiver,38.230000,2019-07-19
458,319,Sean,Garrett,323,Power Direct Bridge,82.570000,2019-06-11
459,67,Betty,Bailey,186,Input Disc Case,53.400000,2019-10-25
460,341,Kathleen,King,240,HD Performance Adapter,65.210000,2020-09-24
461,100,Aaron,Rose,132,GPS Input Tuner,26.470000,2020-05-22
462,408,Raymond,Anderson,239,Input Portable Compressor,3.940000,2019-09-22
463,536,Patrick,Moreno,407,Air Electric Adapter,12.710000,2019-12-10
464,302,Michelle,Robertson,487,Direct Air Adapter,70.580000,2020-05-26
465,213,Doris,Robinson,102,Electric Video Transmitter,14.420000,2019-04-28
466,18,Ronald,Hansen,9,Direct Transmitter,11.500000,2021-11-11
467,519,Stephen,Garza,1,Electric Power Adapter,61.260000,2019-01-22
468,390,Earl,Cunningham,500,Remote Auto System,96.820000,2020-08-05
469,284,Todd,Wagner,112,HD Disc Case,74.130000,2021-02-17
470,174,Pamela,Lawrence,150,Direct Remote Kit,50.840000,2021-12-17
471,433,Lois,King,583,Power Output Tuner,4.170000,2021-08-12
472,56,Sarah,Parker,170,Power Tuner,74.500000,2020-09-12
473,282,John,Alvarez,43,Output Auto Compressor,55.330000,2021-02-16
474,38,Gerald,Long,144,Disc Auto Kit,75.810000,2019-04-09
475,35,Charles,Mason,553,Video Remote Tuner,40.610000,2021-08-05
476,425,Henry,Howell,470,Gel Input Component,6.690000,2020-09-10
477,24,Katherine,Nguyen,109,Digital Performance Transmitter,73.460000,2020-10-02
478,276,Jacqueline,Hanson,76,Output Transmitter,36.100000,2021-04-17
479,584,Fred,Ross,487,Direct Air Adapter,70.580000,2019-03-04
480,25,Anthony,Mcdonald,39,Performance Gel Controller,69.820000,2019-10-14
481,382,Martha,Jenkins,285,Video Receiver,42.900000,2021-03-18
482,431,Brandon,Holmes,55,Tag Bracket,11.550000,2021-06-03
483,67,Betty,Bailey,58,Input Digital Compressor,23.780000,2019-02-21
484,246,Billy,Sullivan,61,Direct Receiver,32.530000,2019-05-03
485,446,Rose,Sims,113,Portable Kit,41.200000,2019-11-02
486,482,Catherine,Schmidt,291,Portable Remote Bracket,3.830000,2020-08-23
487,129,Carolyn,Carter,44,Video Audible Mount,29.290000,2019-10-19
488,236,Victor,Ellis,500,Remote Auto System,96.820000,2020-02-01
489,249,Phillip,Lawson,251,Output Amplifier,72.970000,2020-04-23
490,549,Robin,Hughes,124,Tag Input Case,56.820000,2021-07-02
491,505,Andrea,Morales,74,Performance Auto Kit,92.840000,2019-12-10
492,122,Bruce,Payne,448,Input Filter,7.010000,2021-02-17
493,443,Jane,Greene,290,Auto Tag Compressor,95.900000,2019-11-27
494,580,Jennifer,Lane,547,Electric Kit,30.740000,2020-10-18
495,438,Carlos,Stanley,36,Audible HD Case,9.790000,2020-07-22
496,293,Denise,Johnston,177,GPS Adapter,32.890000,2021-09-18
497,281,Anna,Pierce,147,Portable Case,83.530000,2021-12-03
498,86,Frank,Harris,409,Video Direct Case,85.830000,2019-12-13
499,116,David,Cunningham,581,Tag GPS Amplifier,69.380000,2020-09-19
500,4,Ronald,Owens,129,Audible HD Amplifier,60.820000,2019-12-24
501,424,Benjamin,Jackson,567,Direct Portable Mount,8.460000,2020-01-10
502,428,Johnny,Bennett,36,Audible HD Case,9.790000,2019-11-01
503,570,Jose,Burton,49,Output HD Bridge,79.280000,2019-04-23
504,307,Gerald,Chavez,175,Disc Electric Bridge,16.880000,2021-07-21
505,226,Cheryl,Cole,122,Performance Portable Tuner,91.750000,2020-05-15
506,272,Stephen,Allen,233,Input Digital Transmitter,41.220000,2021-06-11
507,414,Robin,Martin,537,Gel Gel Tuner,99.470000,2019-03-08
508,350,Kelly,Ward,303,Electric Auto Receiver,51.340000,2019-02-14
509,249,Phillip,Lawson,318,Auto Remote Tuner,79.530000,2019-01-19
510,530,Ryan,Wells,48,Electric Transmitter,29.640000,2021-11-02
511,600,Aaron,Butler,382,Gel Power Mount,54.510000,2020-03-16
512,524,Jennifer,Bradley,235,Air Bracket,95.090000,2020-06-23
513,11,Pamela,Morrison,306,Video Disc Filter,14.190000,2020-04-07
514,331,Maria,Garza,369,Performance Direct Tuner,50.870000,2021-03-22
515,366,Jerry,Coleman,532,Tag Component,14.380000,2020-03-15
516,306,Mary,Perkins,248,Video Side Kit,63.330000,2020-09-21
517,386,Gerald,Burke,446,Power Amplifier,71.840000,2020-06-17
518,340,Willie,Jones,214,Remote System,78.510000,2019-12-25
519,461,Billy,Castillo,449,Video Portable Case,41.940000,2019-12-28
520,124,Maria,West,201,Tag Transmitter,51.640000,2021-05-08
521,403,Christine,Nichols,585,Portable GPS Tuner,9.670000,2021-08-22
522,60,Patrick,Mcdonald,330,Remote Filter,13.750000,2019-07-19
523,75,Kevin,Webb,255,GPS Portable Bracket,83.560000,2019-03-02
524,350,Kelly,Ward,181,Video Direct Amplifier,54.830000,2021-04-08
525,376,Donna,Martinez,453,Auto Portable Adapter,60.560000,2021-09-12
526,402,Daniel,Pierce,344,Portable Electric Viewer,22.380000,2020-07-23
527,203,Evelyn,Lopez,579,Gel Controller,10.250000,2021-05-06
528,441,Harry,Nelson,9,Direct Transmitter,11.500000,2019-06-04
529,41,Gregory,Dean,170,Power Tuner,74.500000,2021-05-18
530,343,Jeremy,Oliver,315,Side Receiver,65.030000,2021-12-02
531,375,Samuel,Reid,584,Electric Air Compressor,23.270000,2021-10-27
532,465,Doris,Simmons,469,Portable System,26.470000,2019-11-05
533,48,Donna,Murphy,225,Disc Auto Amplifier,11.110000,2019-11-15
534,179,Craig,Bailey,147,Portable Case,83.530000,2019-04-10
535,581,Aaron,Tucker,326,Air Tag Receiver,60.720000,2021-12-16
536,38,Gerald,Long,40,GPS System,31.550000,2019-01-25
537,205,Billy,Matthews,394,Air Auto Bridge,8.480000,2021-10-17
538,102,Victor,Diaz,226,Gel Bracket,65.290000,2019-05-23
539,349,Susan,Sanchez,474,Tag Disc Adapter,23.660000,2021-02-10
540,8,Susan,Morgan,414,Audible Direct Mount,98.930000,2019-07-03
541,349,Susan,Sanchez,164,Output Filter,12.520000,2021-09-11
542,407,Janet,Gray,31,Digital Auto Filter,53.330000,2020-03-15
543,35,Charles,Mason,535,Direct Gel Bracket,21.460000,2021-08-10
544,479,Karen,Hughes,165,GPS Remote Controller,78.740000,2019-10-20
545,463,Sara,Sanchez,398,Direct HD Filter,42.120000,2021-01-27
546,480,Jessica,Cruz,567,Direct Portable Mount,8.460000,2021-12-06
547,466,James,Hunt,177,GPS Adapter,32.890000,2020-07-08
548,43,Ruby,Andrews,555,Video Output Viewer,2.140000,2020-06-27
549,280,Joshua,Hanson,233,Input Digital Transmitter,41.220000,2019-02-21
550,530,Ryan,Wells,543,HD Case,14.860000,2020-09-23
551,301,Christine,Wilson,129,Audible HD Amplifier,60.820000,2020-09-20
552,317,Robert,Webb,96,Output GPS Kit,25.210000,2019-09-25
553,561,Kimberly,Perkins,46,Performance Controller,54.000000,2021-01-21
554,516,Bruce,Stone,468,Portable Disc Mount,37.510000,2021-02-05
555,422,Harold,Gilbert,86,GPS Kit,98.620000,2020-01-08
556,450,Ronald,Hicks,284,Tag Gel Compressor,80.980000,2019-08-22
557,411,James,Schmidt,323,Power Direct Bridge,82.570000,2019-07-27
558,79,Jennifer,Schmidt,504,Direct Performance Component,67.820000,2019-04-06
559,166,Philip,Carpenter,364,Output Digital System,71.650000,2020-09-16
560,478,Mary,Gordon,288,Direct Viewer,41.860000,2019-05-11
561,119,Diane,Gardner,194,Electric GPS Mount,82.990000,2021-05-02
562,491,Joan,Cox,189,Air Portable Transmitter,64.390000,2019-05-01
563,564,Deborah,Powell,369,Performance Direct Tuner,50.870000,2020-02-11
564,570,Jose,Burton,307,Disc Filter,27.600000,2020-08-18
565,293,Denise,Johnston,383,Video Case,67.630000,2020-05-23
566,24,Katherine,Nguyen,175,Disc Electric Bridge,16.880000,2019-04-15
567,557,Wanda,Ross,249,Tag GPS Controller,52.280000,2021-02-13
568,155,Katherine,Myers,192,Portable Viewer,11.610000,2020-11-07
569,219,Adam,Bryant,15,Input Disc Bracket,33.170000,2020-09-05
570,210,Jessica,Kim,82,Auto Adapter,76.070000,2021-01-10
571,269,Kathryn,Harper,384,HD Tag Controller,86.790000,2021-09-15
572,238,Emily,Sanchez,524,Auto Portable Bridge,66.370000,2020-10-15
573,477,Angela,Moreno,518,Power Direct Kit,26.340000,2020-08-03
574,259,Henry,Dunn,271,Disc Performance Receiver,99.830000,2019-06-06
575,431,Brandon,Holmes,567,Direct Portable Mount,8.460000,2019-09-03
576,239,Daniel,Morris,219,Disc Bracket,85.170000,2021-12-08
577,449,Christina,Coleman,209,Video Audible Amplifier,7.680000,2019-03-22
578,38,Gerald,Long,364,Output Digital System,71.650000,2021-08-05
579,109,Janet,Allen,510,Input Input Receiver,47.380000,2021-12-13
580,478,Mary,Gordon,184,Audible Bracket,69.050000,2020-04-15
581,478,Mary,Gordon,264,Direct Mount,63.940000,2019-03-17
582,222,Adam,Cole,166,Digital HD Kit,40.540000,2020-06-11
583,427,Stephanie,Miller,456,Auto System,96.130000,2020-05-15
584,155,Katherine,Myers,102,Electric Video Transmitter,14.420000,2019-06-03
585,533,Joshua,Cooper,82,Auto Adapter,76.070000,2021-03-06
586,273,Ryan,Young,279,Performance Power Filter,32.430000,2021-05-11
587,506,Deborah,Bowman,241,Input Input Kit,44.010000,2019-01-14
588,519,Stephen,Garza,80,Gel Filter,65.650000,2020-09-15
589,37,Sara,Howell,404,Direct Amplifier,2.440000,2019-06-15
590,139,Deborah,Frazier,60,Performance Output Controller,25.670000,2021-08-01
591,200,Lois,Richardson,567,Direct Portable Mount,8.460000,2019-05-11
592,323,Jacqueline,Clark,45,Input Compressor,43.470000,2020-08-25
593,502,Pamela,Harvey,415,Audible Bridge,92.790000,2019-08-16
594,483,Jean,Oliver,253,Input Portable Component,97.820000,2019-10-14
595,382,Martha,Jenkins,331,Gel Electric Mount,91.340000,2020-01-18
596,251,Lori,Allen,60,Performance Output Controller,25.670000,2021-11-22
597,200,Lois,Richardson,234,GPS Input Case,90.230000,2019-08-24
598,207,Katherine,Fields,58,Input Digital Compressor,23.780000,2020-02-15
599,59,Steve,Martinez,70,Direct Performance Bracket,97.940000,2020-12-24
600,355,Mildred,Garrett,17,GPS Component,29.740000,2019-04-01
601,218,Sara,Gonzalez,401,Video Bracket,11.530000,2020-11-03
602,511,Wanda,Crawford,132,GPS Input Tuner,26.470000,2020-09-22
603,405,Todd,Gordon,136,Electric Controller,60.080000,2019-10-25
604,54,Jason,George,102,Electric Video Transmitter,14.420000,2020-06-05
605,2,Harry,Perez,244,Digital Gel Filter,25.160000,2020-01-11
606,218,Sara,Gonzalez,388,Remote Input Filter,49.190000,2021-06-04
607,142,David,Ramos,161,Power GPS Bracket,50.180000,2021-06-07
608,432,Cheryl,Oliver,473,Disc Air Amplifier,66.430000,2020-04-09
609,2,Harry,Perez,179,Air GPS Bridge,15.500000,2021-12-19
610,431,Brandon,Holmes,184,Audible Bracket,69.050000,2020-05-21
611,361,Dorothy,Fox,32,HD Tag Transmitter,4.770000,2019-10-19
612,570,Jose,Burton,148,Auto Filter,24.720000,2021-08-23
613,511,Wanda,Crawford,142,Performance Component,75.570000,2021-05-28
614,133,Julia,Watson,106,Performance Mount,63.260000,2021-03-23
615,499,Henry,Wilson,318,Auto Remote Tuner,79.530000,2020-07-20
616,509,Gary,Hanson,191,Air Power Receiver,5.010000,2021-06-19
617,438,Carlos,Stanley,1,Electric Power Adapter,61.260000,2019-06-21
618,186,Irene,Spencer,558,Electric Component,89.000000,2020-01-16
619,242,Sean,Turner,247,Remote Bracket,73.300000,2021-03-27
620,328,Keith,Rogers,207,Digital Case,83.140000,2019-01-27
621,442,Angela,Pierce,490,Electric Performance Controller,52.200000,2021-05-04
622,452,Daniel,Day,374,Input Case,6.410000,2021-06-01
623,421,Lori,Owens,22,Remote Portable Mount,37.370000,2019-08-25
624,79,Jennifer,Schmidt,85,Video Air Viewer,14.800000,2020-11-19
625,35,Charles,Mason,398,Direct HD Filter,42.120000,2021-08-07
626,342,Joshua,Larson,399,Power Receiver,42.740000,2020-02-03
627,63,Helen,Morrison,121,Video Video Transmitter,2.280000,2020-05-02
628,413,Ernest,George,535,Direct Gel Bracket,21.460000,2021-10-10
629,163,Jerry,Ortiz,325,Tag Compressor,36.410000,2021-03-07
630,135,Katherine,Austin,262,Output Input Amplifier,75.670000,2019-06-04
631,114,Sarah,Hall,77,Direct Tag System,69.700000,2021-04-08
632,595,Bonnie,Ferguson,394,Air Auto Bridge,8.480000,2020-01-15
633,3,Ronald,Lopez,383,Video Case,67.630000,2021-10-08
634,467,Beverly,Fuller,35,Performance GPS Filter,97.570000,2021-03-02
635,328,Keith,Rogers,479,Audible Output Tuner,92.090000,2020-05-08
636,572,Arthur,Berry,81,Auto GPS Adapter,56.070000,2021-06-14
637,332,Lisa,Hanson,38,Output Kit,7.790000,2019-11-23
638,52,Jesse,Wells,175,Disc Electric Bridge,16.880000,2021-12-17
639,440,Doris,Jordan,160,HD Side Transmitter,56.150000,2019-06-04
640,260,Joshua,Greene,395,Side Viewer,27.720000,2019-08-22
641,234,Clarence,Elliott,389,Input Adapter,55.960000,2019-09-01
642,538,Helen,Carpenter,510,Input Input Receiver,47.380000,2020-10-04
643,562,Michelle,Knight,180,Output Bridge,33.620000,2019-04-22
644,331,Maria,Garza,475,Gel Amplifier,66.440000,2021-02-27
645,553,Marilyn,Arnold,498,Direct Output Filter,63.880000,2020-02-11
646,414,Robin,Martin,549,Portable Video Controller,15.890000,2019-04-19
647,571,Amy,Lawrence,331,Gel Electric Mount,91.340000,2019-04-03
648,387,Judith,Elliott,188,Input Video Mount,72.200000,2020-02-12
649,301,Christine,Wilson,20,Gel Portable Amplifier,23.420000,2020-06-13
650,113,Amy,Jones,244,Digital Gel Filter,25.160000,2020-07-28
651,388,Bonnie,Reynolds,566,Air GPS Viewer,81.420000,2019-01-20
652,519,Stephen,Garza,549,Portable Video Controller,15.890000,2021-01-10
653,375,Samuel,Reid,20,Gel Portable Amplifier,23.420000,2020-06-18
654,43,Ruby,Andrews,464,Performance Air Bridge,48.300000,2021-10-19
655,389,Julie,Cooper,42,Disc Transmitter,55.030000,2020-04-04
656,173,Benjamin,Hunt,34,Performance Air Transmitter,61.510000,2021-12-26
657,366,Jerry,Coleman,96,Output GPS Kit,25.210000,2021-03-21
658,281,Anna,Pierce,34,Performance Air Transmitter,61.510000,2019-11-05
659,22,Shawn,Kelley,265,Video Auto Tuner,11.500000,2020-07-15
660,20,Marie,Simpson,431,GPS Filter,75.620000,2019-11-08
661,419,Chris,Chavez,156,Electric Tag Case,93.100000,2020-09-16
662,45,Bonnie,White,308,Audible Component,83.820000,2019-04-04
663,66,Teresa,Lynch,279,Performance Power Filter,32.430000,2020-03-23
664,341,Kathleen,King,366,Portable Tuner,41.950000,2019-09-03
665,171,Deborah,Lane,578,Audible Case,79.740000,2020-10-13
666,414,Robin,Martin,209,Video Audible Amplifier,7.680000,2020-04-25
667,472,Jason,Sims,197,Video Audible Transmitter,26.790000,2021-04-16
668,113,Amy,Jones,477,Audible Receiver,40.300000,2021-09-04
669,414,Robin,Martin,90,HD Kit,65.160000,2019-01-03
670,135,Katherine,Austin,52,Air Electric Amplifier,31.120000,2021-05-22
671,321,Andrea,Green,16,GPS Portable Case,47.950000,2019-01-06
672,236,Victor,Ellis,525,Input HD Bracket,68.890000,2019-05-07
673,364,Louis,Hawkins,523,Tag Case,74.770000,2020-09-03
674,43,Ruby,Andrews,574,Electric Portable Adapter,63.510000,2019-06-02
675,38,Gerald,Long,62,Remote Receiver,93.420000,2019-09-09
676,134,Howard,Oliver,489,Side Input Transmitter,10.030000,2021-01-27
677,546,Kevin,Johnson,382,Gel Power Mount,54.510000,2020-12-09
678,572,Arthur,Berry,510,Input Input Receiver,47.380000,2019-06-06
679,143,Samuel,Bennett,132,GPS Input Tuner,26.470000,2020-06-27
680,256,Kenneth,Matthews,271,Disc Performance Receiver,99.830000,2021-05-22
681,379,Steven,Sullivan,555,Video Output Viewer,2.140000,2021-12-24
682,502,Pamela,Harvey,10,Direct Disc Component,31.490000,2019-10-24
683,212,Laura,Holmes,210,Output Viewer,99.920000,2021-05-27
684,451,Lillian,Burns,291,Portable Remote Bracket,3.830000,2019-08-02
685,259,Henry,Dunn,128,Performance Case,46.930000,2021-07-04
686,113,Amy,Jones,382,Gel Power Mount,54.510000,2021-02-28
687,352,Teresa,Rodriguez,477,Audible Receiver,40.300000,2020-06-20
688,141,Gregory,Day,356,Performance Viewer,81.370000,2021-03-14
689,90,Harry,Diaz,280,HD Transmitter,20.070000,2019-11-04
690,165,Angela,Nelson,89,Performance Direct Bridge,72.670000,2021-11-20
691,351,Carolyn,Knight,268,Side Transmitter,59.220000,2020-07-17
692,223,Joyce,Walker,283,Digital Direct Component,32.340000,2019-09-04
693,432,Cheryl,Oliver,446,Power Amplifier,71.840000,2020-06-03
694,460,Ann,Williamson,274,GPS Disc Amplifier,83.810000,2019-11-14
695,91,Louise,Ford,326,Air Tag Receiver,60.720000,2019-09-03
696,126,Roy,Frazier,471,Direct Gel Amplifier,79.390000,2019-02-03
697,174,Pamela,Lawrence,45,Input Compressor,43.470000,2019-01-06
698,102,Victor,Diaz,591,GPS Tuner,24.400000,2020-01-16
699,308,Daniel,Brown,99,Digital Electric System,25.410000,2021-11-17
700,227,Laura,Simmons,244,Digital Gel Filter,25.160000,2021-05-09
701,468,Aaron,Mendoza,535,Direct Gel Bracket,21.460000,2019-03-01
702,314,Arthur,Freeman,404,Direct Amplifier,2.440000,2020-01-11
703,221,Louis,Johnston,600,Audible Disc Transmitter,45.620000,2019-07-19
704,106,Julia,Baker,70,Direct Performance Bracket,97.940000,2019-07-16
705,597,Ryan,Bailey,320,Audible Direct Adapter,35.990000,2019-11-16
706,480,Jessica,Cruz,135,Remote Remote Transmitter,19.020000,2019-10-27
707,32,Diane,Price,76,Output Transmitter,36.100000,2021-02-12
708,583,Heather,Martinez,28,GPS Direct Filter,22.250000,2019-07-24
709,567,Henry,Jenkins,289,Output Bracket,89.790000,2019-06-13
710,353,Robin,Burns,86,GPS Kit,98.620000,2021-10-12
711,269,Kathryn,Harper,193,HD Output Receiver,38.170000,2019-01-24
712,474,Clarence,Hansen,9,Direct Transmitter,11.500000,2020-09-21
713,526,Irene,Taylor,235,Air Bracket,95.090000,2020-06-12
714,456,Matthew,Howell,273,Disc Tuner,98.580000,2020-09-16
715,201,Lois,James,509,Input Output Adapter,43.500000,2019-01-10
716,29,Kevin,Mitchell,415,Audible Bridge,92.790000,2020-02-13
717,247,Philip,Parker,25,Output Air Kit,30.730000,2019-09-04
718,367,Kelly,Burton,453,Auto Portable Adapter,60.560000,2020-08-20
719,331,Maria,Garza,275,Side Tuner,34.540000,2019-08-07
720,292,Christopher,Perez,206,Air Viewer,34.470000,2019-01-15
721,583,Heather,Martinez,390,Air Air Bridge,95.160000,2020-07-20
722,74,Bruce,Fisher,163,Remote HD Compressor,80.130000,2019-04-28
723,427,Stephanie,Miller,533,Portable Air Compressor,30.090000,2021-05-25
724,289,Norma,Simmons,140,Input Amplifier,54.840000,2021-04-12
725,562,Michelle,Knight,547,Electric Kit,30.740000,2019-08-28
726,467,Beverly,Fuller,94,Input Controller,63.030000,2020-12-18
727,265,Wayne,Mcdonald,116,Tag Output Transmitter,42.140000,2019-07-25
728,356,Raymond,Henderson,291,Portable Remote Bracket,3.830000,2019-10-21
729,358,Johnny,Miller,556,Video Transmitter,57.450000,2020-07-23
730,512,Catherine,Jackson,308,Audible Component,83.820000,2021-03-24
731,148,Joe,Mcdonald,538,Video Side Compressor,64.320000,2019-05-19
732,92,Patricia,Bradley,107,Direct Auto Kit,55.910000,2021-12-28
733,481,Ernest,Greene,514,Digital HD Transmitter,95.400000,2021-10-26
734,371,Mary,Grant,63,Gel System,74.700000,2020-11-10
735,477,Angela,Moreno,498,Direct Output Filter,63.880000,2020-12-11
736,189,Russell,Gonzalez,57,Output Output Component,9.280000,2021-10-05
737,536,Patrick,Moreno,298,Electric Bracket,85.860000,2021-12-16
738,539,Sean,Holmes,47,Side Portable Amplifier,26.850000,2021-01-12
739,329,Jeffrey,Olson,208,HD Mount,70.630000,2021-07-20
740,560,Harry,Garcia,62,Remote Receiver,93.420000,2020-11-18
741,519,Stephen,Garza,211,Direct Bridge,42.330000,2021-08-13
742,191,Rachel,George,414,Audible Direct Mount,98.930000,2019-08-23
743,490,Nicole,Robinson,203,Disc Mount,18.530000,2019-07-26
744,342,Joshua,Larson,296,Performance Output Amplifier,44.400000,2019-02-09
745,423,Martin,Kelly,273,Disc Tuner,98.580000,2020-11-02
746,289,Norma,Simmons,27,Air Case,75.750000,2019-04-14
747,126,Roy,Frazier,137,Video Performance Controller,81.810000,2020-11-21
748,184,Helen,Freeman,103,Portable Adapter,29.570000,2021-10-16
749,440,Doris,Jordan,572,Audible Disc Kit,62.660000,2021-12-11
750,64,Jean,Johnston,51,Disc Amplifier,88.290000,2020-10-14
751,206,George,Freeman,328,Gel Performance Component,58.680000,2019-06-28
752,84,Kathleen,Wright,157,Digital Controller,58.060000,2020-05-17
753,23,Cheryl,Nelson,180,Output Bridge,33.620000,2021-07-17
754,230,Raymond,Brooks,158,Air Bridge,59.680000,2020-02-16
755,27,Theresa,Fowler,409,Video Direct Case,85.830000,2019-03-20
756,27,Theresa,Fowler,47,Side Portable Amplifier,26.850000,2020-09-25
757,586,Craig,Perry,113,Portable Kit,41.200000,2019-07-27
758,240,Betty,Wood,320,Audible Direct Adapter,35.990000,2019-07-22
759,305,Aaron,Weaver,394,Air Auto Bridge,8.480000,2020-06-18
760,524,Jennifer,Bradley,51,Disc Amplifier,88.290000,2020-02-06
761,61,Kimberly,Sullivan,489,Side Input Transmitter,10.030000,2019-07-23
762,212,Laura,Holmes,103,Portable Adapter,29.570000,2019-12-19
763,213,Doris,Robinson,179,Air GPS Bridge,15.500000,2021-09-17
764,296,Sandra,Evans,514,Digital HD Transmitter,95.400000,2020-01-18
765,526,Irene,Taylor,17,GPS Component,29.740000,2021-03-26
766,218,Sara,Gonzalez,220,HD Digital Component,97.440000,2019-08-14
767,89,Nicholas,Garza,309,Tag HD Compressor,32.850000,2019-07-19
768,264,Theresa,Reyes,372,Direct Tag Amplifier,97.640000,2021-06-04
769,53,Justin,Cooper,493,Direct Case,11.710000,2020-05-15
770,126,Roy,Frazier,136,Electric Controller,60.080000,2020-08-09
771,407,Janet,Gray,395,Side Viewer,27.720000,2019-01-01
772,524,Jennifer,Bradley,303,Electric Auto Receiver,51.340000,2019-07-02
773,594,Christina,Jordan,541,Tag HD Mount,42.410000,2021-10-25
774,462,James,Washington,585,Portable GPS Tuner,9.670000,2020-11-20
775,186,Irene,Spencer,300,GPS Tag Mount,6.210000,2020-09-19
776,55,Jeffrey,Gomez,415,Audible Bridge,92.790000,2019-08-15
777,124,Maria,West,275,Side Tuner,34.540000,2020-08-26
778,294,Karen,Reid,177,GPS Adapter,32.890000,2020-12-06
779,18,Ronald,Hansen,211,Direct Bridge,42.330000,2019-08-18
780,8,Susan,Morgan,266,Side Tag Mount,3.450000,2020-02-13
781,471,George,Williamson,326,Air Tag Receiver,60.720000,2021-12-20
782,270,Julia,Stewart,166,Digital HD Kit,40.540000,2020-11-26
783,222,Adam,Cole,346,GPS Power Receiver,96.390000,2019-11-17
784,93,Irene,Ward,94,Input Controller,63.030000,2020-10-08
785,452,Daniel,Day,101,Direct System,63.550000,2020-11-28
786,364,Louis,Hawkins,357,Side Compressor,19.800000,2021-09-26
787,599,Sandra,King,479,Audible Output Tuner,92.090000,2020-01-07
788,72,Roger,Lee,22,Remote Portable Mount,37.370000,2020-07-27
789,72,Roger,Lee,41,GPS Viewer,18.980000,2021-07-17
790,210,Jessica,Kim,165,GPS Remote Controller,78.740000,2020-07-24
791,185,Julia,Simpson,139,Output Component,4.970000,2019-02-13
792,142,David,Ramos,597,Performance GPS Tuner,90.230000,2020-02-12
793,188,Marilyn,Hall,171,Electric Mount,66.100000,2019-06-03
794,161,Linda,Grant,68,Performance Auto Compressor,89.910000,2020-08-02
795,462,James,Washington,129,Audible HD Amplifier,60.820000,2020-07-25
796,483,Jean,Oliver,559,Performance Audible Case,46.340000,2019-12-18
797,343,Jeremy,Oliver,33,Gel Viewer,17.520000,2019-05-12
798,435,Amanda,Romero,366,Portable Tuner,41.950000,2019-01-19
799,98,Brian,Fields,33,Gel Viewer,17.520000,2019-10-19
800,256,Kenneth,Matthews,467,Performance Gel System,98.630000,2021-10-20
801,237,Donna,Gonzalez,10,Direct Disc Component,31.490000,2021-01-27
802,477,Angela,Moreno,375,Power Viewer,32.910000,2019-11-26
803,558,Randy,Hart,575,HD Auto Controller,33.820000,2019-08-26
804,131,Beverly,Foster,72,HD Electric Tuner,10.900000,2019-09-19
805,233,John,Hawkins,243,Disc Receiver,88.970000,2019-02-17
806,75,Kevin,Webb,394,Air Auto Bridge,8.480000,2021-02-19
807,34,Christina,Washington,209,Video Audible Amplifier,7.680000,2021-01-22
808,126,Roy,Frazier,44,Video Audible Mount,29.290000,2020-12-02
809,40,Joyce,Larson,222,Video Electric Amplifier,4.110000,2019-03-25
810,113,Amy,Jones,439,Gel GPS System,95.090000,2020-02-07
811,326,Jessica,Young,405,Side Amplifier,28.840000,2019-02-05
812,110,Juan,Reyes,281,Digital GPS Bracket,96.780000,2019-07-03
813,25,Anthony,Mcdonald,307,Disc Filter,27.600000,2021-08-12
814,207,Katherine,Fields,252,Disc Compressor,88.220000,2019-11-11
815,135,Katherine,Austin,321,Output Receiver,23.040000,2019-07-14
816,304,Wanda,Marshall,483,Remote Adapter,77.030000,2021-05-16
817,423,Martin,Kelly,409,Video Direct Case,85.830000,2021-12-09
818,246,Billy,Sullivan,392,Auto Direct Controller,74.770000,2019-06-02
819,309,Kimberly,Burke,472,GPS Direct Amplifier,76.110000,2021-07-23
820,555,Doris,Moreno,247,Remote Bracket,73.300000,2020-02-05
821,439,Barbara,Castillo,351,Power Auto Case,94.880000,2020-07-13
822,190,Christina,Wagner,70,Direct Performance Bracket,97.940000,2019-04-02
823,430,Linda,Wagner,308,Audible Component,83.820000,2021-11-02
824,208,Harold,Alexander,356,Performance Viewer,81.370000,2020-02-09
825,49,Harold,Adams,597,Performance GPS Tuner,90.230000,2019-12-19
826,512,Catherine,Jackson,295,Output Remote Filter,3.490000,2021-01-02
827,142,David,Ramos,320,Audible Direct Adapter,35.990000,2020-11-27
828,250,Evelyn,Morris,93,Video Remote Case,67.620000,2019-10-06
829,101,Karen,Martin,123,Direct GPS Compressor,59.800000,2021-02-07
830,124,Maria,West,29,Audible Side Bridge,86.800000,2019-02-16
831,146,Ronald,Gardner,548,Side Output Bridge,78.270000,2020-10-21
832,340,Willie,Jones,445,Video Air System,6.210000,2019-06-08
833,11,Pamela,Morrison,98,Audible Disc System,20.350000,2021-10-12
834,447,Victor,Elliott,457,HD HD Compressor,93.800000,2019-07-09
835,377,Pamela,Morgan,526,Gel Bridge,64.410000,2019-03-15
836,337,Willie,Montgomery,325,Tag Compressor,36.410000,2019-05-20
837,531,Shirley,Harrison,441,Audible Portable Compressor,96.340000,2019-11-09
838,574,Sarah,Chavez,309,Tag HD Compressor,32.850000,2019-07-25
839,501,Rose,Knight,584,Electric Air Compressor,23.270000,2019-08-24
840,229,Arthur,Lee,571,Output Adapter,50.080000,2020-03-02
841,335,Janice,Richardson,337,Remote Remote Bridge,36.370000,2020-02-01
842,445,Judith,Marshall,254,Audible Compressor,85.060000,2020-06-15
843,28,Tammy,Spencer,67,Video Tag Viewer,43.980000,2021-02-23
844,554,Jeremy,Gibson,121,Video Video Transmitter,2.280000,2021-10-10
845,520,Pamela,Mills,547,Electric Kit,30.740000,2020-10-05
846,450,Ronald,Hicks,479,Audible Output Tuner,92.090000,2019-11-02
847,308,Daniel,Brown,152,Power HD Controller,4.470000,2021-08-02
848,96,Cynthia,Baker,579,Gel Controller,10.250000,2020-02-08
849,567,Henry,Jenkins,517,Video Adapter,46.610000,2019-09-25
850,364,Louis,Hawkins,28,GPS Direct Filter,22.250000,2020-03-09
851,576,Tammy,Welch,297,Gel Portable Mount,90.670000,2019-06-11
852,554,Jeremy,Gibson,553,Video Remote Tuner,40.610000,2019-04-07
853,21,Carol,Bell,192,Portable Viewer,11.610000,2021-09-23
854,195,Christina,Oliver,74,Performance Auto Kit,92.840000,2021-10-12
855,547,Kevin,Anderson,2,Gel Input Adapter,94.170000,2020-08-08
856,380,Jacqueline,Frazier,121,Video Video Transmitter,2.280000,2020-04-13
857,467,Beverly,Fuller,166,Digital HD Kit,40.540000,2021-09-27
858,299,Justin,Hernandez,429,Digital Receiver,34.840000,2019-04-07
859,332,Lisa,Hanson,3,Auto GPS Viewer,67.130000,2020-06-01
860,279,Kathy,Phillips,59,HD Digital Controller,68.750000,2019-06-19
861,53,Justin,Cooper,223,Auto Transmitter,94.630000,2019-05-06
862,156,Jean,Young,300,GPS Tag Mount,6.210000,2020-09-25
863,256,Kenneth,Matthews,216,Audible System,7.240000,2020-11-24
864,535,Roy,James,98,Audible Disc System,20.350000,2020-12-06
865,73,Barbara,Gonzalez,135,Remote Remote Transmitter,19.020000,2019-03-14
866,450,Ronald,Hicks,405,Side Amplifier,28.840000,2021-12-19
867,480,Jessica,Cruz,141,Output Audible Viewer,97.620000,2020-06-05
868,40,Joyce,Larson,54,Audible Digital Component,89.650000,2019-05-04
869,113,Amy,Jones,173,Output System,53.000000,2021-04-22
870,194,Stephanie,Davis,337,Remote Remote Bridge,36.370000,2019-09-22
871,336,Ronald,Davis,177,GPS Adapter,32.890000,2021-08-11
872,282,John,Alvarez,319,Electric Compressor,27.710000,2019-05-27
873,309,Kimberly,Burke,185,Remote Mount,66.000000,2021-12-14
874,49,Harold,Adams,192,Portable Viewer,11.610000,2019-12-01
875,239,Daniel,Morris,308,Audible Component,83.820000,2021-04-16
876,347,Lois,Bailey,243,Disc Receiver,88.970000,2020-09-15
877,545,Richard,Jordan,464,Performance Air Bridge,48.300000,2019-12-19
878,567,Henry,Jenkins,259,Power Bridge,9.350000,2020-06-01
879,210,Jessica,Kim,148,Auto Filter,24.720000,2020-08-17
880,354,Amy,Howell,232,Remote Controller,67.840000,2021-05-05
881,487,Jessica,Washington,470,Gel Input Component,6.690000,2019-11-26
882,548,Linda,Ferguson,287,Auto Disc Component,72.420000,2021-07-28
883,289,Norma,Simmons,339,Power Controller,36.230000,2019-10-02
884,238,Emily,Sanchez,79,Digital Gel Viewer,57.250000,2020-01-28
885,167,Samuel,Edwards,292,Portable Input Receiver,79.580000,2019-06-01
886,92,Patricia,Bradley,596,Remote Disc Controller,28.660000,2021-12-12
887,19,Irene,Ferguson,359,Direct Filter,83.460000,2019-06-25
888,354,Amy,Howell,392,Auto Direct Controller,74.770000,2021-02-13
889,388,Bonnie,Reynolds,77,Direct Tag System,69.700000,2020-10-14
890,153,Carl,Cook,54,Audible Digital Component,89.650000,2020-11-28
891,147,Linda,Stephens,372,Direct Tag Amplifier,97.640000,2019-09-06
892,524,Jennifer,Bradley,296,Performance Output Amplifier,44.400000,2021-03-11
893,191,Rachel,George,359,Direct Filter,83.460000,2019-02-01
894,500,Judy,Marshall,109,Digital Performance Transmitter,73.460000,2021-10-01
895,273,Ryan,Young,106,Performance Mount,63.260000,2021-10-02
896,591,Earl,Harris,129,Audible HD Amplifier,60.820000,2020-01-12
897,173,Benjamin,Hunt,591,GPS Tuner,24.400000,2020-11-06
898,445,Judith,Marshall,356,Performance Viewer,81.370000,2020-04-04
899,266,Marie,Flores,390,Air Air Bridge,95.160000,2021-03-11
900,163,Jerry,Ortiz,180,Output Bridge,33.620000,2019-02-18
901,296,Sandra,Evans,436,Gel Input Receiver,3.300000,2021-10-10
902,466,James,Hunt,306,Video Disc Filter,14.190000,2021-09-03
903,569,George,Moreno,87,Disc Tag Receiver,89.840000,2021-06-26
904,31,Richard,James,284,Tag Gel Compressor,80.980000,2021-05-01
905,159,Tina,Campbell,180,Output Bridge,33.620000,2019-04-15
906,43,Ruby,Andrews,314,GPS Portable Component,11.820000,2020-08-20
907,286,Ralph,Hall,16,GPS Portable Case,47.950000,2020-10-09
908,358,Johnny,Miller,17,GPS Component,29.740000,2019-01-28
909,280,Joshua,Hanson,278,GPS Transmitter,95.690000,2019-09-14
910,352,Teresa,Rodriguez,415,Audible Bridge,92.790000,2019-08-06
911,311,Laura,Lee,337,Remote Remote Bridge,36.370000,2021-11-04
912,234,Clarence,Elliott,347,Direct Electric Amplifier,31.620000,2019-01-14
913,262,Lisa,Matthews,266,Side Tag Mount,3.450000,2020-09-06
914,207,Katherine,Fields,28,GPS Direct Filter,22.250000,2019-03-04
915,403,Christine,Nichols,20,Gel Portable Amplifier,23.420000,2021-03-19
916,478,Mary,Gordon,431,GPS Filter,75.620000,2019-08-11
917,361,Dorothy,Fox,69,Performance Direct Filter,68.900000,2021-12-15
918,298,Cynthia,Lane,396,Audible Tag Case,92.700000,2020-01-16
919,243,Jack,Hart,103,Portable Adapter,29.570000,2020-11-20
920,305,Aaron,Weaver,265,Video Auto Tuner,11.500000,2020-09-01
921,572,Arthur,Berry,222,Video Electric Amplifier,4.110000,2020-10-07
922,492,Paul,Webb,397,Gel Auto System,38.410000,2021-06-08
923,406,Earl,Boyd,152,Power HD Controller,4.470000,2021-09-19
924,470,Jeffrey,Martinez,192,Portable Viewer,11.610000,2020-09-02
925,257,Nancy,Woods,44,Video Audible Mount,29.290000,2020-09-16
926,558,Randy,Hart,523,Tag Case,74.770000,2021-11-12
927,517,Louis,Gray,82,Auto Adapter,76.070000,2021-09-06
928,221,Louis,Johnston,423,Power Bracket,81.730000,2019-02-16
929,269,Kathryn,Harper,192,Portable Viewer,11.610000,2019-09-21
930,563,Frances,Webb,105,Digital Disc Component,44.620000,2020-04-08
931,25,Anthony,Mcdonald,302,Disc Direct System,36.090000,2019-07-28
932,372,Earl,King,63,Gel System,74.700000,2020-03-25
933,539,Sean,Holmes,390,Air Air Bridge,95.160000,2019-02-23
934,2,Harry,Perez,152,Power HD Controller,4.470000,2019-10-23
935,150,Lois,Ward,207,Digital Case,83.140000,2020-03-07
936,277,Sharon,Hernandez,225,Disc Auto Amplifier,11.110000,2019-08-04
937,442,Angela,Pierce,306,Video Disc Filter,14.190000,2019-07-15
938,484,Todd,Watson,569,Audible Audible Kit,9.980000,2019-06-27
939,443,Jane,Greene,77,Direct Tag System,69.700000,2019-01-19
940,5,Larry,Fields,325,Tag Compressor,36.410000,2021-08-19
941,127,Richard,Weaver,193,HD Output Receiver,38.170000,2020-09-02
942,556,Lois,Boyd,158,Air Bridge,59.680000,2020-08-02
943,49,Harold,Adams,332,Disc Remote Viewer,7.270000,2020-08-06
944,288,Louise,Chavez,239,Input Portable Compressor,3.940000,2021-06-26
945,235,Barbara,Payne,65,Auto Bracket,73.560000,2021-01-21
946,148,Joe,Mcdonald,491,Audible Filter,28.110000,2019-05-17
947,410,Diane,Young,399,Power Receiver,42.740000,2020-07-15
948,486,Dorothy,Frazier,572,Audible Disc Kit,62.660000,2020-12-20
949,437,Gregory,Martin,172,GPS Receiver,11.640000,2021-12-25
950,374,Howard,Black,344,Portable Electric Viewer,22.380000,2021-06-04
951,70,Randy,Shaw,582,Direct Gel Transmitter,43.180000,2019-05-27
952,552,Joseph,Porter,112,HD Disc Case,74.130000,2020-02-18
953,575,Louis,Price,158,Air Bridge,59.680000,2020-05-27
954,396,Lillian,Webb,158,Air Bridge,59.680000,2019-10-24
955,121,James,Shaw,32,HD Tag Transmitter,4.770000,2019-01-24
956,87,Ruth,Young,44,Video Audible Mount,29.290000,2021-10-15
957,130,Sandra,Mcdonald,238,Output Electric Component,41.240000,2019-08-17
958,246,Billy,Sullivan,449,Video Portable Case,41.940000,2019-03-12
959,125,Evelyn,Hunter,504,Direct Performance Component,67.820000,2020-09-17
960,104,Anna,Moore,238,Output Electric Component,41.240000,2021-08-17
961,575,Louis,Price,449,Video Portable Case,41.940000,2021-09-14
962,538,Helen,Carpenter,458,Audible Mount,24.470000,2019-10-19
963,51,Donna,Montgomery,284,Tag Gel Compressor,80.980000,2020-08-07
964,360,David,Holmes,309,Tag HD Compressor,32.850000,2019-01-14
965,274,Lois,Martinez,249,Tag GPS Controller,52.280000,2021-05-10
966,499,Henry,Wilson,373,Electric Receiver,46.350000,2021-02-07
967,452,Daniel,Day,66,Power Transmitter,19.930000,2019-03-16
968,111,Scott,Tucker,375,Power Viewer,32.910000,2019-04-20
969,548,Linda,Ferguson,182,Air System,57.940000,2020-09-13
970,447,Victor,Elliott,254,Audible Compressor,85.060000,2021-02-24
971,583,Heather,Martinez,214,Remote System,78.510000,2021-05-01
972,439,Barbara,Castillo,301,Audible Electric Controller,66.580000,2021-02-20
973,210,Jessica,Kim,171,Electric Mount,66.100000,2021-01-26
974,368,Kathleen,Mills,244,Digital Gel Filter,25.160000,2019-01-05
975,405,Todd,Gordon,427,HD Electric Adapter,27.210000,2021-02-10
976,63,Helen,Morrison,89,Performance Direct Bridge,72.670000,2021-08-23
977,32,Diane,Price,569,Audible Audible Kit,9.980000,2021-06-05
978,430,Linda,Wagner,363,Auto Disc Viewer,85.820000,2020-04-15
979,137,Steven,Franklin,43,Output Auto Compressor,55.330000,2021-12-28
980,459,Margaret,Dixon,318,Auto Remote Tuner,79.530000,2021-11-15
981,424,Benjamin,Jackson,38,Output Kit,7.790000,2019-11-25
982,220,Kelly,Richardson,120,Tag Air System,2.190000,2021-12-26
983,95,Brian,Ferguson,176,Electric Gel Controller,9.470000,2020-11-06
984,277,Sharon,Hernandez,35,Performance GPS Filter,97.570000,2020-09-10
985,285,Bobby,Harris,320,Audible Direct Adapter,35.990000,2021-08-06
986,388,Bonnie,Reynolds,382,Gel Power Mount,54.510000,2021-05-15
987,72,Roger,Lee,484,Video Component,26.320000,2020-05-04
988,517,Louis,Gray,35,Performance GPS Filter,97.570000,2020-07-05
989,207,Katherine,Fields,282,Digital Viewer,83.660000,2019-07-22
990,192,Samuel,Olson,271,Disc Performance Receiver,99.830000,2020-11-14
991,588,Gregory,Lawrence,70,Direct Performance Bracket,97.940000,2019-11-22
992,533,Joshua,Cooper,398,Direct HD Filter,42.120000,2020-01-16
993,590,Paul,Gonzales,540,Video Output Case,73.280000,2021-09-23
994,519,Stephen,Garza,120,Tag Air System,2.190000,2020-02-16
995,96,Cynthia,Baker,464,Performance Air Bridge,48.300000,2019-06-05
996,554,Jeremy,Gibson,457,HD HD Compressor,93.800000,2019-03-04
997,77,Jessica,Sullivan,407,Air Electric Adapter,12.710000,2019-09-01
998,515,Laura,Fernandez,161,Power GPS Bracket,50.180000,2020-04-08
999,38,Gerald,Long,359,Direct Filter,83.460000,2019-06-07
1000,312,Daniel,Cole,571,Output Adapter,50.080000,2019-10-24
